# id	garbled	note: codex frames whose README says every string came back verbatim (6 of 12 re-read by eye), live HUD refs, real captures
capture__047	0	clean
capture__050	0	clean
capture__057	0	clean
capture__073	0	clean
capture__097	0	clean
capture__132	0	clean
capture__151	0	clean
capture__156	0	clean
capture__176	0	clean
capture__199	0	clean
round-1-desktop-keybinds__A-two-pane-table	0	clean
round-1-desktop-keybinds__B-keyboard-diagram	0	clean
round-1-desktop-keybinds__C-four-columns	0	clean
round-6-baseline-hud__comp-B-well-edge	0	clean
round-6-baseline-hud__comp-C-stair-street	0	clean
round-6-baseline-hud__comp-D-well-down	0	clean
round-6-baseline-hud__ref-live-driftwood-isle	0	clean
round-6-baseline-hud__ref-live-nalati-grasslands	0	clean
round-6-baseline-hud__ref-live-pine-hollow	0	clean
round-6-baseline-hud__style-A-jiehua-neon	0	clean
round-6-baseline-hud__style-B-gold-indigo	0	clean
round-6-baseline-hud__style-C-ink-neon	0	clean
round-6-baseline-hud__style-D-gongbi	0	clean
round-6-baseline-hud__style-E-woodblock	0	clean
round-6-baseline-hud__style-F-realism	0	clean
